Sub_Category,Total_Profit
Printers,5964
Bookcases,4888
Accessories,3559
Trousers,2847
Stole,2559
Phones,2207
Hankerchief,2098
T-shirt,1500
Shirt,1131
Furnishings,844
Chairs,577
Saree,352
Leggings,260
Skirt,235
Kurti,181
Electronic Games,-1236
Tables,-4011
