Sub_Category,Total_Quantity
Saree,782
Hankerchief,754
Stole,671
Furnishings,310
T-shirt,305
Phones,304
Electronic Games,297
Bookcases,297
Printers,291
Chairs,277
Shirt,271
Accessories,262
Skirt,248
Leggings,186
Kurti,164
Trousers,135
Tables,61
