Sub_Category,Total_Quantity,Total_Profit
Saree,782,352
Hankerchief,754,2098
Stole,671,2559
Furnishings,310,844
T-shirt,305,1500
Phones,304,2207
Electronic Games,297,-1236
Bookcases,297,4888
Printers,291,5964
Chairs,277,577
Shirt,271,1131
Accessories,262,3559
Skirt,248,235
Leggings,186,260
Kurti,164,181
Trousers,135,2847
Tables,61,-4011
